wiki0.csv,12,13288
wiki1.csv,13289,25446
wiki2.csv,25447,40536
wiki3.csv,40537,58320
wiki4.csv,58323,82355
wiki5.csv,82357,110499
wiki6.csv,110500,135974
wiki7.csv,135975,162535
wiki8.csv,162539,192042
wiki9.csv,192043,229919
wiki10.csv,229921,269944
wiki11.csv,269945,316910
wiki12.csv,316912,363272
wiki13.csv,363274,413386
wiki14.csv,413390,465433
wiki15.csv,465434,528126
wiki16.csv,528128,599524
wiki17.csv,599527,668130
wiki18.csv,668141,756173
wiki19.csv,756178,863298
wiki20.csv,863299,947919
wiki21.csv,947920,1039411
wiki22.csv,1039412,1135081
wiki23.csv,1135086,1234500
wiki24.csv,1234504,1351019
wiki25.csv,1351024,1468738
wiki26.csv,1468739,1591337
wiki27.csv,1591344,1710187
wiki28.csv,1710189,1841561
wiki29.csv,1841564,1973257
wiki30.csv,1973260,2117543
wiki31.csv,2117545,2260601
wiki32.csv,2260612,2409977
wiki33.csv,2409996,2578949
wiki34.csv,2578958,2756216
wiki35.csv,2756219,2930748
wiki36.csv,2930749,3123482
wiki37.csv,3123485,3315333
wiki38.csv,3315340,3535715
wiki39.csv,3535727,3745162
wiki40.csv,3745163,3992955
wiki41.csv,3992975,4242947
wiki42.csv,4242948,4496212
wiki43.csv,4496214,4763936
wiki44.csv,4763937,5058315
wiki45.csv,5058323,5346735
wiki46.csv,5346738,5643045
wiki47.csv,5643047,5911792
wiki48.csv,5911798,6204640
wiki49.csv,6204655,6587330
wiki50.csv,6587336,6943027
wiki51.csv,6943030,7321350
wiki52.csv,7321353,7720237
wiki53.csv,7720239,8119629
wiki54.csv,8119633,8542807
wiki55.csv,8542808,8936065
wiki56.csv,8936067,9405293
wiki57.csv,9405297,9892503
wiki58.csv,9892509,10418641
wiki59.csv,10418642,10944919
wiki60.csv,10944921,11420983
wiki61.csv,11420988,11892117
wiki62.csv,11892123,12348002
wiki63.csv,12348006,12781087
wiki64.csv,12781106,13249955
wiki65.csv,13249958,13770196
wiki66.csv,13770204,14294385
wiki67.csv,14294387,14800477
wiki68.csv,14800487,15364145
wiki69.csv,15364151,15916404
wiki70.csv,15916414,16587335
wiki71.csv,16587339,17163287
wiki72.csv,17163296,17717935
wiki73.csv,17717940,18340475
wiki74.csv,18340485,18812106
wiki75.csv,18812107,19289864
wiki76.csv,19289867,19892908
wiki77.csv,19892911,20519857
wiki78.csv,20519862,21015443
wiki79.csv,21015446,21529057
wiki80.csv,21529058,22059450
wiki81.csv,22059455,22610172
wiki82.csv,22610195,23157070
wiki83.csv,23157071,23652451
wiki84.csv,23652459,24118615
wiki85.csv,24118623,24619932
wiki86.csv,24619934,25154949
wiki87.csv,25154957,25667173
wiki88.csv,25667175,26211236
wiki89.csv,26211237,26793628
wiki90.csv,26793632,27391323
wiki91.csv,27391324,27959942
wiki92.csv,27959950,28523994
wiki93.csv,28523999,29186862
wiki94.csv,29186880,29879637
wiki95.csv,29879638,30594885
wiki96.csv,30594891,31070642
wiki97.csv,31070646,31586191
wiki98.csv,31586197,32109813
wiki99.csv,32109820,32705892
wiki100.csv,32705907,33229426
wiki101.csv,33229427,33814253
wiki102.csv,33814255,34396773
wiki103.csv,34396776,35039017
wiki104.csv,35039030,35750674
wiki105.csv,35750675,36348258
wiki106.csv,36348259,36943495
wiki107.csv,36943505,37616158
wiki108.csv,37616160,38235765
wiki109.csv,38235769,38857303
wiki110.csv,38857305,39426033
wiki111.csv,39426047,40033787
wiki112.csv,40033790,40660652
wiki113.csv,40660657,41269797
wiki114.csv,41269828,41878620
wiki115.csv,41878641,42496387
wiki116.csv,42496389,43137273
wiki117.csv,43137276,43735909
wiki118.csv,43735917,44381801
wiki119.csv,44381829,45084559
wiki120.csv,45084563,46201705
wiki121.csv,46201709,46829729
wiki122.csv,46829730,47431723
wiki123.csv,47431725,48194705
wiki124.csv,48194715,48865456
wiki125.csv,48865457,49594914
wiki126.csv,49594918,50453176
wiki127.csv,50453177,51141036
wiki128.csv,51141048,51880459
wiki129.csv,51880485,52653609
wiki130.csv,52653610,53377651
wiki131.csv,53377652,54091007
wiki132.csv,54091009,54873927
wiki133.csv,54873949,55679462
wiki134.csv,55679468,56290338
wiki135.csv,56290340,56470709
